<?xml version="1.0"?>
	<mavlink>
	<include>common.xml</include>
	<messages>
    <message id="182" name="MAVROS_TEST_MSG">
               <description>This mavlink message is for testing with mavros</description>
               <field type="uint64_t" name="timestamp">Timestamp (milliseconds since system boot)</field>
               <field type="float" name="test">data</field>
    </message>
    <!-- Defined by SIA -->
	<!-- UAVGP 2015 -->
	<message id="211" name="GPS_SIA">
		<field type="uint64_t" name="timestamp">Timestamp</field>
		<field type="uint32_t" name="gps_jingdu">jingdu.</field>
		<field type="uint32_t" name="gps_weidu">weidu.</field>
		<field type="float" name="gps_haiba">haiba.</field>
		<field type="float" name="gps_bei">beixiangsudu.</field>
		<field type="float" name="gps_dong">dongxiangsudu.</field>
		<field type="float" name="gps_di">dixiangsudu.</field>
		<field type="uint8_t" name="gps_weixing">weixinggeshu.</field>
		<field type="uint8_t" name="gps_dingwei">dingweimoshi.</field>
	</message>
	<message id="212" name="MISSION_BUCKETS_POSITION">
        <field type="double" name="bucketA_lat_curr">A -- latitude, in deg</field>
        <field type="double" name="bucketA_lon_curr">longitude, in deg</field>
        <field type="float" name="bucketA_alt_curr">altitude AMSL, in m</field>
		<field type="double" name="bucketA_lat_next">latitude, in deg</field>
        <field type="double" name="bucketA_lon_next">longitude, in deg</field>
        <field type="float" name="bucketA_alt_next">altitude AMSL, in m</field>
		<field type="double" name="bucketB_lat_curr">B -- latitude, in deg</field>
        <field type="double" name="bucketB_lon_curr">longitude, in deg</field>
        <field type="float" name="bucketB_alt_curr">altitude AMSL, in m</field>
		<field type="double" name="bucketB_lat_next">latitude, in deg</field>
        <field type="double" name="bucketB_lon_next">longitude, in deg</field>
        <field type="float" name="bucketB_alt_next">altitude AMSL, in m</field>
		<field type="double" name="bucketC_lat_curr">C -- latitude, in deg</field>
        <field type="double" name="bucketC_lon_curr">longitude, in deg</field>
        <field type="float" name="bucketC_alt_curr">altitude AMSL, in m</field>
		<field type="double" name="bucketC_lat_next">latitude, in deg</field>
        <field type="double" name="bucketC_lon_next">longitude, in deg</field>
        <field type="float" name="bucketC_alt_next">altitude AMSL, in m</field>
		<field type="double" name="bucketD_lat_curr">D -- latitude, in deg</field>
        <field type="double" name="bucketD_lon_curr">longitude, in deg</field>
        <field type="float" name="bucketD_alt_curr">altitude AMSL, in m</field>
		<field type="double" name="bucketD_lat_next">latitude, in deg</field>
        <field type="double" name="bucketD_lon_next">longitude, in deg</field>
        <field type="float" name="bucketD_alt_next">altitude AMSL, in m</field>
		<field type="double" name="copter_lat_home">home -- latitude, in deg</field>
        <field type="double" name="copter_lon_home">longitude, in deg</field>
        <field type="float" name="copter_alt_home">altitude AMSL, in m</field>
		<field type="double" name="copter_lat_guide">guide -- latitude, in deg</field>
        <field type="double" name="copter_lon_guide">longitude, in deg</field>
        <field type="float" name="copter_alt_guide">altitude AMSL, in m</field>
    </message>
	<message id="213" name="MISSION_POS_POLL">
		<field type="uint8_t" name="poll_buckets">poll buckets position commander</field>
	</message>
	<message id="214" name="MISSION_START_STOP">
		<field type="uint8_t" name="start_flag">start flag</field>
		<field type="uint8_t" name="main_commander">main commander for task</field>
        <field type="uint8_t" name="sub_commander">sub commander for task</field>
	</message>
	<message id="215" name="VISION_COMMAND">
		<field type="uint8_t" name="vision_cmd">vision control interface for handshack </field>
	</message>
	<message id="216" name="VISION_CIRCLE_ALL">
		<field type="uint8_t" name="circle_sum">the number of circles</field>
		<field type="uint8_t" name="marker_sum">the number of makers</field>
        <field type="uint8_t" name="number_mode">mode status</field>
		<field type="uint8_t" name="circle_0_number">first circle's maker number</field>
		<field type="float" name="circle_0_x">relative local poosition x</field>
		<field type="float" name="circle_0_y">relative local poosition y</field>
		<field type="float" name="circle_0_z">relative local poosition z</field>
		<field type="uint8_t" name="circle_1_number">second circle's maker number</field>
		<field type="float" name="circle_1_x">relative local poosition x</field>
		<field type="float" name="circle_1_y">relative local poosition y</field>
		<field type="float" name="circle_1_z">relative local poosition z</field>
		<field type="uint8_t" name="circle_2_number">circle's maker number</field>
		<field type="float" name="circle_2_x">relative local poosition x</field>
		<field type="float" name="circle_2_y">relative local poosition y</field>
		<field type="float" name="circle_2_z">relative local poosition z</field>
		<field type="uint8_t" name="circle_3_number">circle's maker number</field>
		<field type="float" name="circle_3_x">relative local poosition x</field>
		<field type="float" name="circle_3_y">relative local poosition y</field>
		<field type="float" name="circle_3_z">relative local poosition z</field>
		<field type="uint8_t" name="circle_4_number">circle's maker number</field>
		<field type="float" name="circle_4_x">relative local poosition x</field>
		<field type="float" name="circle_4_y">relative local poosition y</field>
		<field type="float" name="circle_4_z">relative local poosition z</field>
		<field type="uint8_t" name="circle_5_number">circle's maker number</field>
		<field type="float" name="circle_5_x">relative local poosition x</field>
		<field type="float" name="circle_5_y">relative local poosition y</field>
		<field type="float" name="circle_5_z">relative local poosition z</field>
		<field type="uint8_t" name="circle_6_number">circle's maker number</field>
		<field type="float" name="circle_6_x">relative local poosition x</field>
		<field type="float" name="circle_6_y">relative local poosition y</field>
		<field type="float" name="circle_6_z">relative local poosition z</field>
		<field type="uint8_t" name="circle_7_number">circle's maker number</field>
		<field type="float" name="circle_7_x">relative local poosition x</field>
		<field type="float" name="circle_7_y">relative local poosition y</field>
		<field type="float" name="circle_7_z">relative local poosition z</field>
	</message>
	<message id="217" name="HC_BUCKETS_POLL">
        <field type="double" name="bucketA_lat_curr">A -- latitude, in deg</field>
        <field type="double" name="bucketA_lon_curr">longitude, in deg</field>
        <field type="float" name="bucketA_alt_curr">altitude AMSL, in m</field>
		<field type="double" name="bucketA_lat_next">latitude, in deg</field>
        <field type="double" name="bucketA_lon_next">longitude, in deg</field>
        <field type="float" name="bucketA_alt_next">altitude AMSL, in m</field>
		<field type="double" name="bucketB_lat_curr">B -- latitude, in deg</field>
        <field type="double" name="bucketB_lon_curr">longitude, in deg</field>
        <field type="float" name="bucketB_alt_curr">altitude AMSL, in m</field>
		<field type="double" name="bucketB_lat_next">latitude, in deg</field>
        <field type="double" name="bucketB_lon_next">longitude, in deg</field>
        <field type="float" name="bucketB_alt_next">altitude AMSL, in m</field>
		<field type="double" name="bucketC_lat_curr">C -- latitude, in deg</field>
        <field type="double" name="bucketC_lon_curr">longitude, in deg</field>
        <field type="float" name="bucketC_alt_curr">altitude AMSL, in m</field>
		<field type="double" name="bucketC_lat_next">latitude, in deg</field>
        <field type="double" name="bucketC_lon_next">longitude, in deg</field>
        <field type="float" name="bucketC_alt_next">altitude AMSL, in m</field>
		<field type="double" name="bucketD_lat_curr">D -- latitude, in deg</field>
        <field type="double" name="bucketD_lon_curr">longitude, in deg</field>
        <field type="float" name="bucketD_alt_curr">altitude AMSL, in m</field>
		<field type="double" name="bucketD_lat_next">latitude, in deg</field>
        <field type="double" name="bucketD_lon_next">longitude, in deg</field>
        <field type="float" name="bucketD_alt_next">altitude AMSL, in m</field>
		<field type="double" name="lat_home">home -- latitude, in deg</field>
        <field type="double" name="lon_home">longitude, in deg</field>
        <field type="float" name="alt_home">altitude AMSL, in m</field>
		<field type="double" name="lat_guide">guide -- latitude, in deg</field>
        <field type="double" name="lon_guide">longitude, in deg</field>
        <field type="float" name="alt_guide">altitude AMSL, in m</field>
    </message>
	<message id="218" name="HC_STATE_STATUS">
		<field type="uint64_t" name="timestamp">Timestamp</field>
		<field type="uint8_t" name="buckets_vaild">buckets pos valid status.</field>
		<field type="uint8_t" name="cmd_recevied">commander receiver status.</field>
		<field type="uint8_t" name="poll_recevied">poll commander received status.</field>
		<field type="uint8_t" name="main_state">state machine current main state, return cmd.</field>
		<field type="uint8_t" name="sec_state">state machine current sec state, return cmd.</field>
		<field type="float" name="pos_sp_x">pos setpoint x</field>
		<field type="float" name="pos_sp_y">pos setpoint y</field>
		<field type="float" name="pos_sp_z">pos setpoint z</field>
		<field type="float" name="vel_sp_x">vel setpoint x</field>
		<field type="float" name="vel_sp_y">vel setpoint y</field>
		<field type="float" name="vel_sp_z">vel setpoint z</field>
		<field type="uint8_t" name="pos_en">pos controller enable</field>
		<field type="uint8_t" name="vel_en">vel controller enable</field>
	</message>
	<!-- UAVGP 2016 -->
	<message id="221" name="FIXED_TARGET_POSITION">
		<description>Some fixed positions that would be goten before takeoff by GPS (GCS->Pix->Mavros)</description>
		<field type="double" name="home_lat">home point latitude, in deg</field>
        <field type="double" name="home_lon">home point longitude, in deg</field>
        <field type="float" name="home_alt">home point altitude, in m</field>
		<field type="double" name="observe_lat">observe point latitude, in deg</field>
        <field type="double" name="observe_lon">observe point longitude, in deg</field>
        <field type="float" name="observe_alt">observe point altitude, in m</field>
		<field type="double" name="spray_left_lat">spray point latitude (left), in deg</field>
        <field type="double" name="spray_left_lon">spray point longitude (left), in deg</field>
        <field type="float" name="spray_left_alt">spray point altitude (left), in m</field>
		<field type="double" name="spray_right_lat">spray point latitude (right), in deg</field>
        <field type="double" name="spray_right_lon">spray point longitude (right), in deg</field>
        <field type="float" name="spray_right_alt">spray point altitude (right), in m</field>
	</message>
	<message id="222" name="FIXED_TARGET_RETURN">
		<description>Pix gets FIXED_TARGET_POSITION message would return this message (Pix->GCS)</description>
		<field type="uint64_t" name="timestamp">timestamp</field>
		<field type="double" name="home_lat">home point latitude, in deg</field>
        <field type="double" name="home_lon">home point longitude, in deg</field>
        <field type="float" name="home_alt">home point altitude, in m</field>
		<field type="double" name="observe_lat">observe point latitude, in deg</field>
        <field type="double" name="observe_lon">observe point longitude, in deg</field>
        <field type="float" name="observe_alt">observe point altitude, in m</field>
		<field type="double" name="spray_left_lat">spray point latitude (left), in deg</field>
        <field type="double" name="spray_left_lon">spray point longitude (left), in deg</field>
        <field type="float" name="spray_left_alt">spray point altitude (left), in m</field>
		<field type="double" name="spray_right_lat">spray point latitude (right), in deg</field>
        <field type="double" name="spray_right_lon">spray point longitude (right), in deg</field>
        <field type="float" name="spray_right_alt">spray point altitude (right), in m</field>
	</message>
	<message id="223" name="YAW_SP_CALCULATED">
		<description>A yaw set point calculated by SBC from FIXED_TARGET_POSITION message (Mavros->Pix->GCS)</description>
		<field type="uint64_t" name="timestamp">timestamp</field>
		<field type="float" name="yaw_sp">the calculated yaw set point, in rad (-pi ... pi)</field>
	</message>
	<message id="224" name="TASK_STATUS_CHANGE">
		<description>GCS would change the task status of RUAV by this message (GCS->Pix->Mavros)</description>
		<field type="uint8_t" name="num_odd_even">0, 1 or 2 represent spray all number, odd number or even number</field>
		<field type="uint8_t" name="task_status">task status NO. about Task State Machine, 0~16~30</field>
		<field type="uint8_t" name="loop_value">loop number of current task, 0~5</field>
	</message>
	<message id="225" name="TASK_STATUS_MONITOR">
		<description>Return current task statue and taget point (Mavros->Pix->GCS)</description>
		<field type="uint64_t" name="timestamp">timestamp</field>
		<field type="uint8_t" name="num_odd_even">0, 1 or 2 represent spray all number, odd number or even number</field>
		<field type="uint8_t" name="task_status">task status NO. about Task State Machine, 0~16~30</field>
		<field type="uint8_t" name="loop_value">loop number of current task, 0~5</field>
		<field type="double" name="target_lat">target latitude, in deg</field>
        <field type="double" name="target_lon">target longitude, in deg</field>
        <field type="float" name="target_alt">target altitude, in m</field>
	</message>
	<message id="226" name="VISION_NUM_SCAN">
		<description>Scan all numbers and get their positions in the beginning (Mavros->Pix->GCS)</description>
		<field type="uint64_t" name="timestamp">timestamp</field>
		<field type="uint8_t" name="board_num">current board number</field>
		<field type="float" name="board_x">current board number X position (NED)</field>
		<field type="float" name="board_y">current board number Y position (NED)</field>
        <field type="float" name="board_z">current board number Z position (NED)</field>
		<field type="uint8_t" name="board_valid">whether this number is gotten</field>
	</message>
	<message id="227" name="VISION_ONE_NUM_GET">
		<description>Get the number by vision in task (Mavros->Pix->GCS)</description>
		<field type="uint64_t" name="timestamp">timestamp</field>
		<field type="uint8_t" name="loop_value">loop number of current task but not 0, 1~5</field>
		<field type="uint8_t" name="num">gotten number by vision</field>
	</message>
	<message id="228" name="OBSTACLE_POSITION">
		<description>Get the obstacle position (Mavros->Pix->GCS)</description>
		<field type="uint64_t" name="timestamp">timestamp</field>
		<field type="float" name="obstacle_x">obstacle X position (NED)</field>
		<field type="float" name="obstacle_y">obstacle Y position (NED)</field>
        <field type="float" name="obstacle_z">obstacle Z position (NED)</field>
		<field type="uint8_t" name="obstacle_valid">whether the obstacle is valid</field>
	</message>
</messages>
</mavlink>
